WorkerId,FirstName,LastName,Trade,ContractorCompany,CertificationExpiry,SiteId
WKR-001,James,Mitchell,Site Manager,Balfour Beatty,2027-03-31,SITE-001
WKR-002,Sarah,Campbell,H&S Officer,Kier Group,2026-11-30,SITE-004
WKR-003,David,Thompson,Crane Operator,Select Plant Hire,2026-06-15,SITE-007
WKR-004,Claire,Robinson,Electrician,NG Bailey,2026-09-30,SITE-010
WKR-005,Michael,Hughes,Steel Fixer,Severfield,2027-01-31,SITE-013
WKR-006,Emma,Wilson,Site Manager,Robertson Group,2027-05-31,SITE-002
WKR-007,Robert,Davies,Site Manager,Laing O'Rourke,2027-02-28,SITE-005
WKR-008,Laura,Evans,H&S Officer,Wates Group,2026-08-31,SITE-008
WKR-009,Andrew,Taylor,Bricklayer,Ibstock Brick,2026-12-31,SITE-011
WKR-010,Fiona,Anderson,Plumber,Piping Solutions Ltd,2027-04-30,SITE-014
WKR-011,Peter,Clark,Site Manager,Vistry Group,2027-07-31,SITE-003
WKR-012,Megan,Lewis,Carpenter,Morgan Sindall,2026-10-15,SITE-006
WKR-013,Stuart,Walker,Site Manager,ISG Construction,2027-06-30,SITE-009
WKR-014,Rachel,Stewart,Electrician,Derry Building Services,2026-05-31,SITE-012
WKR-015,Thomas,Murray,Crane Operator,Ainscough Crane Hire,2027-08-31,SITE-015
